YYYY-mm-dd	resp	decision	location	rec	pre	post	delete_cnt	add_cnt	proposed_abs	actual_abs	proposed_tally	actual_tally	word_tally
2023-04-21	MV	baseline	mPaul10	add	varia	varia	0	0	0	0	0	0	8351
2023-05-26	MV	confirmed	1Cr15.23	del	Ἕκαστος δὲ ἐν τῷ ἰδίῳ τάγματι	-	-6	0	6	6	6	6	8345
2023-05-26	MV	confirmed	1Cr15.24	del	τὸ τέλος ὅταν παραδιδῷ τὴν βασιλείαν τῷ θεῷ καὶ πατρί ὅταν καταργήσῃ πᾶσαν ἀρχὴν καὶ πᾶσαν ἐξουσίαν	-	-17	0	17	17	23	23	8328
2023-05-27	MGB	accepted	Gal01.19	del	ἕτερον δὲ τῶν ἀποστόλων οὐκ εἶδον οὐδένα εἰ μὴ Ἰάκωβον τὸν ἀδελφὸν τοῦ κυρίου	-	-14	0	14	14	37	37	8314
2023-05-27	MGB	accepted	Gal01.18	del	καὶ ἐπέμεινα πρὸς αὐτὸν ἡμέρας δεκαπέντε	-	-6	0	6	6	43	43	8308
2023-05-27	MGB	accepted	Gal01.19	del	ἕτερον δὲ τῶν ἀποστόλων οὐκ εἶδον οὐδένα εἰ μὴ Ἰάκωβον τὸν ἀδελφὸν τοῦ κυρίου	-	-14	0	14	14	57	57	8294
2023-05-27	MGB	accepted	1Cr09.01	sub	Ἰησοῦν τὸν κύριον	Ἰησοῦν κύριον	-1	0	2	2	59	59	8293
2023-05-27	MGB	accepted	Gal01.20	del	ἃ δὲ γράφω ὑμῖν ἰδοὺ ἐνώπιον τοῦ θεοῦ ὅτι οὐ ψεύδομαι	-	-11	0	11	11	70	70	8282
2023-05-27	MGB	rejected	Gal02.02	del	ἀνέβην δὲ κατὰ ἀποκάλυψιν	-	0	0	4	0	74	70	8282
2023-05-28	MGB	accepted	2Cr12.01	del	Καυχᾶσθαι δεῖ οὐ συμφέρον μέν ἐλεύσομαι δὲ εἰς ὀπτασίας καὶ ἀποκαλύψεις κυρίου	-	-12	0	12	12	86	82	8270
2023-05-28	MGB	accepted	1Cr09.16	sub	ἐὰν γὰρ εὐαγγελίζωμαι οὐκ ἔστιν μοι καύχημα ἀνάγκη γάρ μοι ἐπίκειται οὐαὶ γάρ μοί ἐστιν ἐὰν μὴ εὐαγγελίσωμαι	ἐὰν εὐαγγελίζωμαι οὐκ ἔστιν μοι χάρις οὐαὶ μοί ἐὰν μὴ εὐαγγελίσωμαι	-7	0	17	17	103	99	8263
2023-05-29	MGB	accepted	1Th02.14	del	τὰ αὐτὰ	-	-2	0	2	2	105	101	8261
2023-05-29	MGB	accepted	Gal01.19	sub	Ἰησοῦν τὸν κύριον	Ἰησοῦν κύριον	-1	0	2	2	107	103	8260
2023-05-30	MGB	accepted	1Th04.10	del	παρακαλοῦμεν δὲ ὑμᾶς	-	-3	0	3	3	110	106	8257
2023-05-30	MGB	accepted	2Th03.12	del	καὶ παρακαλοῦμεν	-	-2	0	2	2	112	108	8255
2023-05-30	MGB	accepted	1Cr04.13	del	παρακαλοῦμεν	-	-1	0	1	1	113	109	8254
2023-05-31	MGB	accepted	Gal04.18	sub	ἐν τῷ παρεῖναί με	ἐγὼ παρὼν	-2	0	4	4	117	113	8252
2023-05-31	MGB	accepted	Gal04.20	sub	ἤθελον δὲ	θέλω	-1	0	2	2	119	115	8251
2023-05-31	MGB	accepted	1Cr14.05	sub	θέλω δὲ	θέλω	-1	0	1	1	120	116	8250
2023-05-31	MGB	accepted	Gal04.21	del	Λέγετέ μοι	-	-2	0	2	2	122	118	8248
2023-05-31	MGB	accepted	Rom07.05	sub	ὅτε γὰρ	ὅτε δὲ	0	0	1	1	123	119	8248
2023-05-31	MGB	accepted	1Th04.09	del	οὐ χρείαν ἔχομεν γράφειν ὑμῖν αὐτοὶ γὰρ ὑμεῖς θεοδίδακτοί ἐστε	-	-10	0	10	10	133	129	8238
2023-06-04	MV	confirmed	Rom01.19	del	διότι τὸ γνωστὸν τοῦ θεοῦ φανερόν ἐστιν ἐν αὐτοῖς ὁ θεὸς γὰρ αὐτοῖς ἐφανέρωσεν	-	-14	0	14	14	147	143	8224
2023-06-04	MV	confirmed	Rom01.20	del	τὰ γὰρ ἀόρατα αὐτοῦ ἀπὸ κτίσεως κόσμου τοῖς ποιήμασιν νοούμενα καθορᾶται ἥ τε ἀΐδιος αὐτοῦ δύναμις καὶ θειότης εἰς τὸ εἶναι αὐτοὺς ἀναπολογήτους	-	-23	0	23	23	170	166	8201
2023-06-04	MV	confirmed	Rom01.21	del	διότι γνόντες τὸν θεὸν οὐχ ὡς θεὸν ἐδόξασαν ἢ ηὐχαρίστησαν ἀλλ᾽ ἐματαιώθησαν ἐν τοῖς διαλογισμοῖς αὐτῶν καὶ ἐσκοτίσθη ἡ ἀσύνετος αὐτῶν καρδία	-	-22	0	22	22	192	188	8179
2023-06-04	MV	confirmed	Rom01.22	del	φάσκοντες εἶναι σοφοὶ ἐμωράνθησαν	-	-4	0	4	4	196	192	8175
2023-06-04	MV	confirmed	Rom01.23	del	καὶ ἤλλαξαν τὴν δόξαν τοῦ ἀφθάρτου θεοῦ ἐν ὁμοιώματι εἰκόνος φθαρτοῦ ἀνθρώπου καὶ πετεινῶν καὶ τετραπόδων καὶ ἑρπετῶν	-	-18	0	18	18	214	210	8157
2023-06-05	MV	confirmed	2Th02.11	del	καὶ διὰ τοῦτο πέμπει αὐτοῖς ὁ θεὸς ἐνέργειαν πλάνης εἰς τὸ πιστεῦσαι αὐτοὺς τῷ ψεύδει	-	-15	0	15	15	229	225	8142
2023-06-08	MGB	accepted	Gal02.11	del	ὅτι κατεγνωσμένος ἦν	-	-3	0	3	3	232	228	8139
2023-06-08	MGB	accepted	Gal04.03	sub	δεδουλωμένοι	εἰς δουλείαν αὐτοῖς	0	2	3	3	235	231	8141
2023-06-08	MGB	accepted	1Cr05.02	del	καὶ ὑμεῖς πεφυσιωμένοι ἐστέ καὶ οὐχὶ μᾶλλον ἐπενθήσατε ἵνα	-	-9	0	9	9	244	240	8132
2023-06-08	MGB	accepted	1Cr07.11	sub	ἐὰν δὲ καὶ	ἐὰν δὲ	-1	0	1	1	245	241	8131
2023-06-08	MGB	accepted	2Cr04.03	del	εἰ δὲ καὶ ἔστιν κεκαλυμμένον τὸ εὐαγγέλιον ἡμῶν ἐν τοῖς ἀπολλυμένοις ἐστὶν κεκαλυμμένον	-	-13	0	13	13	258	254	8118
2023-06-08	MGB	accepted	2Cr14.15	sub	δὲ καὶ	δὲ	-1	0	1	1	259	255	8117
2023-06-08	MV	confirmed	Lao01.05	del	εἰς αὐτόν κατὰ τὴν εὐδοκίαν τοῦ θελήματος αὐτοῦ	-	-8	0	8	8	267	263	8109
2023-06-08	MV	confirmed	Lao01.06	del	εἰς ἔπαινον δόξης τῆς χάριτος αὐτοῦ	-	-6	0	6	6	273	269	8103
2023-06-08	MV	confirmed	Lao01.19	del	κατὰ τὴν ἐνέργειαν τοῦ κράτους τῆς ἰσχύος αὐτοῦ	-	-8	0	8	8	281	277	8095
2023-06-08	MV	confirmed	Lao05.02	del	εἰς ὀσμὴν εὐωδίας	-	-3	0	3	3	284	280	8092
2023-06-08	MGB	rejected	Gal04.03	sub	ἀλληγορούμενα	ἀλληγορικαὶ	0	0	1	0	285	280	8092
2023-06-12	MGB	rejected	1Th04.09	add	-	Περὶ δὲ τῆς φιλαδελφίας	0	0	4	0	289	280	8092
2023-07-10	MGB	accepted	Gal01.19	sub	ἕτερον δὲ τῶν ἀποστόλων οὐκ εἶδον οὐδένα εἰ μὴ Ἰάκωβον τὸν ἀδελφὸν τοῦ κυρίου	καὶ τῶν ἑτέρων ἀποστόλων	-10	0	13	13	302	293	8082
2023-07-10	MGB	rejected	Gal01.18	sub	ἱστορῆσαι Πέτρον	ἀκούειν Πέτρου	0	0	2	0	304	293	8082
2023-07-11	MGB	accepted	Gal01.21	del	ἔπειτα ἦλθον εἰς τὰ κλίματα τῆς Συρίας καὶ τῆς Κιλικίας	-	-10	0	10	10	314	303	8072
2023-07-11	MGB	accepted	Gal01.22	del	ἤμην δὲ ἀγνοούμενος τῷ προσώπῳ ταῖς ἐκκλησίαις τῆς Ἰουδαίας ταῖς ἐν Χριστῷ	-	-12	0	12	12	326	315	8060
2023-07-11	MGB	accepted	Gal01.23	del	μόνον δὲ ἀκούοντες ἦσαν ὅτι Ὁ διώκων ἡμᾶς ποτε νῦν εὐαγγελίζεται τὴν πίστιν ἥν ποτε ἐπόρθει	-	-16	0	16	16	342	331	8044
2023-07-11	MGB	accepted	Gal01.24	del	καὶ ἐδόξαζον ἐν ἐμοὶ τὸν θεόν	-	-6	0	6	6	348	337	8038
2023-08-15	MGB	accepted	1Th4.09	del	θεοδίδακτοί	-	-1	0	1	1	349	338	8037
2023-08-23	MGB	accepted	Gal02.11	sub	Πέτρον κατὰ πρόσωπον ἀντέστην	Πρὸς Πέτρον κατὰ πρόσωπον ἀντέστην	0	1	5	5	354	343	8038
2023-09-20	MV	confirmed	Phl03.05	sub	περιτομῇ ὀκταήμερος ἐκ γένους Ἰσραήλ φυλῆς Βενιαμίν Ἑβραῖος ἐξ Ἑβραίων κατὰ νόμον Φαρισαῖος	περιτομῇ ἐκ γένους Ἑβραίου ἐξ Ἑβραίων ἐκ φυλῆς Βενιαμίν Φαρισαῖος	-3	0	12	12	366	355	8035
2023-09-26	MGB	accepted	Gal04.11	del	φοβοῦμαι ὑμᾶς μή πως εἰκῇ κεκοπίακα εἰς ὑμᾶς	-	-8	0	8	8	374	363	8027
2023-09-26	MGB	accepted	Gal04.16	del	ὥστε ἐχθρὸς ὑμῶν γέγονα ἀληθεύων ὑμῖν	-	-6	0	6	6	380	369	8021
2023-09-26	MGB	accepted	1Th04.08	del	τοιγαροῦν ὁ ἀθετῶν οὐκ ἄνθρωπον ἀθετεῖ ἀλλὰ τὸν θεὸν τὸν καὶ διδόντα τὸ πνεῦμα αὐτοῦ τὸ ἅγιον εἰς ὑμᾶς	-	-19	0	19	19	399	388	8002
2023-09-26	MGB	accepted	1Cr10.27	del	εἴ τις καλεῖ ὑμᾶς τῶν ἀπίστων εἰς δεῖπνον καὶ θέλετε πορεύεσθαι πᾶν τὸ παρατιθέμενον ὑμῖν ἐσθίετε	-	-16	0	16	16	415	404	7986
2023-09-26	MV	confirmed	Gal04.12	del	Γίνεσθε ὡς ἐγώ ὅτι κἀγὼ ὡς ὑμεῖς ἀδελφοί δέομαι ὑμῶν οὐδέν με ἠδικήσατε	-	-13	0	13	13	428	417	7973
2023-09-26	MV	confirmed	Gal04.13	del	οἴδατε δὲ ὅτι δι᾽ ἀσθένειαν τῆς σαρκὸς εὐηγγελισάμην ὑμῖν τὸ πρότερον	-	-11	0	11	11	439	428	7962
2023-09-26	MV	confirmed	Gal04.14	del	καὶ τὸν πειρασμὸν ὑμῶν ἐν τῇ σαρκί μου οὐκ ἐξουθενήσατε οὐδὲ ἐξεπτύσατε ἀλλὰ ὡς ἄγγελον θεοῦ ἐδέξασθέ με ὡς Χριστὸν Ἰησοῦν	-	-21	0	21	21	460	449	7941
2023-09-26	MV	confirmed	Gal04.15	del	ποῦ οὖν ὁ μακαρισμὸς ὑμῶν μαρτυρῶ γὰρ ὑμῖν ὅτι εἰ δυνατὸν τοὺς ὀφθαλμοὺς ὑμῶν ἐξορύξαντες ἐδώκατέ μοι	-	-17	0	17	17	477	466	7924
2023-09-26	MGB	confirmed	1Cr10.25	del	τὸ ἐν μακέλλῳ πωλούμενον	-	-4	0	4	4	481	470	7920
2023-09-26	MGB	rejected	Gal04.21	del	Λέγετέ μοι οἱ ὑπὸ νόμον θέλοντες εἶναι τὸν νόμον οὐκ ἀκούετε	-	0	0	11	0	492	470	7920
2023-09-27	MGB	accepted	1Cr07.08	del	Λέγω δὲ τοῖς ἀγάμοις καὶ ταῖς χήραις καλὸν αὐτοῖς ἐὰν μείνωσιν ὡς κἀγώ	-	-13	0	13	13	505	483	7907
2023-09-27	MGB	rejected	1Cr07.07	del	θέλω δὲ πάντας ἀνθρώπους εἶναι ὡς καὶ ἐμαυτόν	-	0	0	8	0	513	483	7907
2023-10-03	MV	confirmed	Gal01.06	del	Θαυμάζω ὅτι οὕτως ταχέως μετατίθεσθε	-	-5	0	5	5	518	488	7902
2023-10-03	MV	confirmed	Gal01.06	del	εἰς ἕτερον εὐαγγέλιον	-	-3	0	3	3	521	491	7899
2023-11-10	MGB	accepted	Gal02.18	del	ἐν ὑμῖν	-	-2	0	2	2	523	493	7897
2023-11-10	MGB	accepted	1Cr03.16	del	ἐν ὑμῖν	-	-2	0	2	2	525	495	7895
2023-11-10	MGB	accepted	1Cr06.05	del	ἐν ὑμῖν	-	-2	0	2	2	527	497	7893
2023-11-10	MGB	accepted	1Cr11.18	del	ἐν ὑμῖν	-	-2	0	2	2	529	499	7891
2023-11-10	MGB	accepted	1Cr15.12	del	ἐν ὑμῖν	-	-2	0	2	2	531	501	7889
2023-11-10	MGB	rejected	Gal05.14	del	ἐν ὑμῖν	-	0	0	2	0	533	501	7889
2023-11-10	MGB	rejected	2Cr01.19	del	ἐν ὑμῖν	-	0	0	2	0	535	501	7889
2023-11-16	MGB	rejected	Gal02.20	sub	ὃ δὲ νῦν ζῶ ἐν σαρκί ἐν πίστει ζῶ τῇ τοῦ θεοῦ καὶ Χριστοῦ τοῦ ἀγοράσαντός με καὶ παραδόντος ἑαυτὸν ὑπὲρ ἐμοῦ	ὃ ζῶ οὐκ ἐν σαρκί ἀλλά ἐκ πίστεώς τοῦ θεοῦ καὶ Χριστοῦ τοῦ ἀγοράσαντός με καὶ παραδόντος ἑαυτὸν ὑπὲρ ἐμοῦ	0	0	21	0	556	501	7889
2023-11-16	MGB	rejected	Gal02.18	sub	ἃ κατέλυσα ταῦτα ἀνοικοδομῶ	ἃ κατέλυσα ταῦτα οὐκ ἀνοικοδομῶ	0	0	2	0	558	501	7889
2023-12-19	MGB	accepted	Gal01.09	sub	εἴ τις ὑμᾶς εὐαγγελίζεται	εἴ τις ὑμᾶς εὐαγγελίσεται παρ’ ὃ εὐαγγελισάμεθα ὑμῖν ἀνάθεμα ἔστω	0	6	7	7	565	508	7895
2023-12-20	MGB	rejected	Gal02.04	sub	καταδουλώσουσιν	καταδουλώσωσιν	0	0	1	0	566	508	7895
2023-12-20	MGB	rejected	Gal01.11	sub	Γνωρίζω δὲ γὰρ ὑμῖν ἀδελφοί τὸ εὐαγγέλιον τὸ εὐαγγελισθὲν ὑπ' ἐμοῦ ὅτι οὐκ ἔστιν κατὰ ἄνθρωπον	τὸ εὐαγγέλιον τὸ εὐαγγελισθὲν ὑπ' ἐμοῦ οὐκ ἔστιν παρὰ ἀνθρώπων	0	0	16	0	582	508	7895
2023-12-20	MGB	rejected	Gal01.12	sub	οὐδὲ γὰρ ἐγὼ παρὰ ἀνθρώπου παρέλαβον αὐτό οὐδὲ ἐδιδάχθην ἀλλὰ δι' ἀποκαλύψεως Ἰησοῦ Χριστοῦ	οὐδὲ δι᾽ ἀνθρώπου ἀλλὰ δι᾽ Ἰησοῦ Χριστοῦ	0	0	13	0	595	508	7895
2023-12-28	MGB	accepted	Gal03.01	add	-	Ὦ ἀνόητοι Γαλάται τίς ὑμᾶς ἐβάσκανεν	0	6	6	6	601	514	7901
2023-12-28	MGB	accepted	Gal01.04	add	-	ἡμᾶς ἐκ τοῦ αἰῶνος τοῦ ἐνεστῶτος πονηρου	0	7	7	7	608	521	7908
2023-12-28	MGB	accepted	Gal01.15	del	ἐκ κοιλίας μητρός μου καὶ	-	-5	0	5	5	613	526	7903
2023-12-28	MGB	accepted	Gal02.14	add	-	πῶς τὰ ἔθνη ἀναγκάζεις ἰουδαΐζειν	0	5	5	5	618	531	7908
2023-12-28	MGB	rejected	Gal01.04	add	-	ὃς ἀπέθανεν σῶσαι	0	0	3	0	621	531	7908
2023-12-28	MGB	rejected	Gal01.15	del	ἀφορίσας με	-	0	0	2	0	623	531	7908
2023-12-28	MGB	rejected	Gal01.24	add	-	καὶ ἐδόξαζον τὸν κύριον	0	0	4	0	627	531	7908
2023-12-28	MGB	rejected	Gal02.09	add	-	δοκοῦντες στῦλοι εἶναι	0	0	3	0	630	531	7908
2024-05-09	MV	confirmed	Rom03.19	del	τῷ θεῷ	-	-2	0	2	2	632	533	7906
2024-05-13	MV	confirmed	Lao04.07	del	Ἑνὶ δὲ ἑκάστῳ ἡμῶν ἐδόθη ἡ χάρις κατὰ τὸ μέτρον τῆς δωρεᾶς τοῦ Χριστοῦ	-	-14	0	14	14	646	547	7892
2024-05-30	MV	confirmed	Gal01.16	del	οὐ προσανεθέμην σαρκὶ καὶ αἵματι	-	-5	0	5	5	651	552	7887
2024-05-30	MV	confirmed	Gal01.17	del	οὐδὲ ἦλθον εἰς Ἱεροσόλυμα	-	-4	0	4	4	655	556	7883
2024-05-30	MV	confirmed	Col02.13	del	πάντα	-	-1	0	1	1	656	557	7882
2024-05-30	MV	confirmed	Gal01.12	sub	Ἰησοῦ Χριστοῦ	θεοῦ	-1	0	2	2	658	559	7881
2024-06-05	MV	confirmed	1Cr12.28	del	καὶ διδασκάλους καὶ δυνάμεις	-	-4	0	4	4	662	563	7877
2024-06-05	MV	confirmed	1Cr12.29	del	μὴ πάντες διδάσκαλοι μὴ πάντες δυνάμεις	-	-6	0	6	6	668	569	7871
2024-06-15	MGB	rejected	Gal01.19	sub	εἴ τις ὑμᾶς εὐαγγελίζεται	εἴ τις ὑμᾶς εὐαγγελίσεται παρ’ ὃ εὐαγγελισάμεθα ὑμῖν ἀνάθεμα ἔστω	0	0	7	0	675	569	7871
2024-07-21	MV	confirmed	Gal02.06	sub	οὐδέν μοι διαφέρει	οὐδὲν προσανέθεντο	-1	0	3	3	678	572	7870
2024-08-11	MGB	accepted	Rom01.05	del	δι᾽ οὗ ἐλάβομεν χάριν καὶ ἀποστολὴν εἰς ὑπακοὴν πίστεως	-	-9	0	9	9	687	581	7861
2024-08-11	MGB	accepted	Rom01.05	del	πᾶσιν	-	-1	0	1	1	688	582	7860
2024-08-11	MGB	accepted	Rom01.05	del	ὑπὲρ τοῦ ὀνόματος αὐτοῦ	-	-4	0	4	4	692	586	7856
2024-08-11	MGB	accepted	Rom01.07	del	τοῖς οὖσιν ἐν Ῥώμῃ	-	-4	0	4	4	696	590	7852
2024-08-11	MGB	accepted	Rom01.07	del	κλητοῖς ἁγίοις	-	-2	0	2	2	698	592	7850
2024-08-11	MGB	accepted	Rom01.07	del	πᾶσιν τοῖς οὖσιν ἐν Ῥώμῃ ἀγαπητοῖς θεοῦ κλητοῖς ἁγίοις χάρις ὑμῖν καὶ εἰρήνη ἀπὸ θεοῦ πατρὸς ἡμῶν καὶ κυρίου Ἰησοῦ Χριστοῦ	-	-21	0	21	21	719	613	7829
2024-08-11	MV	confirmed	1Cr09.19	del	Ἐλεύθερος γὰρ ὢν ἐκ πάντων πᾶσιν ἐμαυτὸν ἐδούλωσα ἵνα τοὺς πλείονας κερδήσω	-	-12	0	12	12	731	625	7817
2024-08-11	MGB	rejected	Gal01.01	sub	ἐν Γαλατίᾳ	πρὸς Γαλάτας	0	0	2	0	733	625	7817
2024-08-11	MGB	rejected	1Cr01.01	sub	τῇ ἐκκλησίᾳ ἐν Κορίνθῳ	πρὸς Κορινθίους	0	0	4	0	737	625	7817
2024-08-11	MGB	rejected	2Cr01.01	sub	τῇ ἐκκλησίᾳ τῇ ἐν Κορίνθῳ	πρὸς Κορινθίους	0	0	5	0	742	625	7817
2024-08-11	MGB	rejected	1Th01.01	sub	τῇ ἐκκλησίᾳ Θεσσαλονικέων	πρὸς Θεσσαλονικεῖς	0	0	3	0	745	625	7817
2024-08-11	MGB	rejected	2Th01.01	sub	τῇ ἐκκλησίᾳ Θεσσαλονικέων	πρὸς Θεσσαλονικεῖς	0	0	3	0	748	625	7817
2024-08-11	MGB	rejected	Lao01.01	sub	ἐν Λαοδικείᾳ	πρὸς Λαοδικέας	0	0	2	0	750	625	7817
2024-08-11	MGB	rejected	Col01.01	sub	τοῖς ἐν Κολοσσαῖς	πρὸς Κολοσσαεῖς	0	0	3	0	753	625	7817
2024-08-11	MGB	rejected	Php01.01	sub	πᾶσιν ἐν Φιλίπποις	πρὸς Φιλιππησίους	0	0	3	0	756	625	7817
2024-08-11	MGB	rejected	Phm01.01	sub	Φιλήμονι	πρὸς Φιλήμονα	0	0	2	0	758	625	7817
2024-08-11	MGB	rejected	Gal01.01	sub	Παῦλος ἀπόστολος οὐκ	Παῦλος ἀπόστολος πρὸς Γαλάτας ἐγώ εἰμι οὐκ	0	0	5	0	763	625	7817
2024-08-11	MGB	rejected	2Cr01.06	del	εἴτε δὲ θλιβόμεθα ὑπὲρ τῆς ὑμῶν παρακλήσεως καὶ σωτηρίας εἴτε παρακαλούμεθα ὑπὲρ τῆς ὑμῶν παρακλήσεως τῆς ἐνεργουμένης ἐν ὑπομονῇ τῶν αὐτῶν παθημάτων ὧν καὶ ἡμεῖς πάσχομεν	-	0	0	26	0	789	625	7817
2024-08-11	MGB	rejected	2Cr01.08	del	Οὐ γὰρ θέλομεν ὑμᾶς ἀγνοεῖν ἀδελφοί ὑπὲρ τῆς θλίψεως ἡμῶν τῆς γενομένης ἐν τῇ Ἀσίᾳ ὅτι καθ᾽ ὑπερβολὴν ὑπὲρ δύναμιν ἐβαρήθημεν ὥστε ἐξαπορηθῆναι ἡμᾶς καὶ τοῦ ζῆν	-	0	0	27	0	816	625	7817
2024-08-11	MGB	rejected	Rom01.05	del	ἐν τοῖς ἔθνεσιν	-	0	0	3	0	819	625	7817
2024-08-11	MGB	rejected	Rom01.05	del	τοῖς ἔθνεσιν ὑπὲρ τοῦ ὀνόματος αὐτοῦ	-	0	0	6	0	825	625	7817
2024-08-11	MGB	rejected	Rom01.07	del	πᾶσιν	-	0	0	1	0	826	625	7817
2024-08-11	MGB	rejected	Rom01.07	del	ἀγαπητοῖς θεοῦ κλητοῖς ἁγίοις χάρις ὑμῖν καὶ εἰρήνη ἀπὸ θεοῦ πατρὸς καὶ κυρίου Ἰησοῦ Χριστοῦ	-	0	0	15	0	841	625	7817
2024-08-11	MGB	rejected	Rom01.07	del	ἡμῶν	-	0	0	1	0	842	625	7817
2024-08-11	MGB	rejected	Rom01.07	del	Χριστοῦ	-	0	0	1	0	843	625	7817
2024-08-11	MGB	rejected	1Th01.01	del	χάρις καὶ εἰρήνη ἀπὸ θεοῦ πατρὸς ἡμῶν καὶ κυρίου Ἰησοῦ	-	0	0	10	0	853	625	7817
2024-08-11	MGB	rejected	2Th01.01	del	χάρις καὶ εἰρήνη ἀπὸ θεοῦ πατρὸς ἡμῶν καὶ κυρίου Ἰησοῦ	-	0	0	10	0	863	625	7817
2024-08-11	MGB	rejected	Lao01.01	del	χάρις καὶ εἰρήνη ἀπὸ θεοῦ πατρὸς ἡμῶν καὶ κυρίου Ἰησοῦ	-	0	0	10	0	873	625	7817
2024-08-11	MGB	rejected	Phl01.01	del	χάρις καὶ εἰρήνη ἀπὸ θεοῦ πατρὸς ἡμῶν καὶ κυρίου Ἰησοῦ	-	0	0	10	0	883	625	7817
2024-08-11	MGB	rejected	1Th01.01	del	χάρις καὶ εἰρήνη ἀπὸ θεοῦ πατρὸς ἡμῶν καὶ κυρίου Ἰησοῦ	-	0	0	10	0	893	625	7817
2024-08-31	MV	confirmed	1Cr15.04	sub	τῇ ἡμέρᾳ τῇ τρίτῃ	μετὰ τρεῖς ἡμέρας	-1	0	4	4	897	629	7816
2024-09-17	MV	confirmed	1Cr14.06	del	Νῦν δέ ἀδελφοί	-	-3	0	3	3	900	632	7813
2024-11-12	MV	confirmed	2Cr01.20	del	δι᾽ ἡμῶν	-	-2	0	2	2	902	634	7811
2024-11-12	MV	confirmed	1Cr02.06	sub	λαλοῦμεν	λαλῶ	0	0	1	1	903	635	7811
2024-11-12	MV	confirmed	1Cr02.07	sub	λαλοῦμεν	λαλῶ	0	0	1	1	904	636	7811
2025-01-24	MGB	accepted	Rom08.05	del	οἱ δὲ κατὰ πνεῦμα τὰ τοῦ πνεύματος	-	-7	0	7	7	911	643	7804
2025-01-24	MGB	accepted	Lao04.24	del	τὸν κατὰ θεὸν κτισθέντα ἐν δικαιοσύνῃ καὶ ὁσιότητι τῆς ἀληθείας	-	-10	0	10	10	921	653	7794
2025-02-07	MV	confirmed	Rom04.03	del	τί γὰρ ἡ γραφὴ λέγει; ἐπίστευσεν δὲ Ἀβραὰμ τῷ θεῷ καὶ ἐλογίσθη αὐτῷ εἰς δικαιοσύνην	-	-15	0	15	15	936	668	7779
2025-02-18	MGB	accepted	1Cr03.12	del	λίθους τιμίους	-	-2	0	2	2	938	670	7777
2025-02-18	MGB	accepted	1Cr10.07	sub	ἔστε	γίνεσθε	0	0	1	1	939	671	7777
2025-02-18	MGB	accepted	1Cr11.19	sub	δεῖ καὶ	δεῖ γὰρ	0	0	1	1	940	672	7777
2025-02-18	MGB	accepted	1Cr12.12	sub	πάντα	πάντα δὲ	0	1	1	1	941	673	7778
2025-02-18	MGB	accepted	2Cr02.15	del	ὅτι Χριστοῦ εὐωδία	-	-3	0	3	3	944	676	7775
2025-02-18	MGB	accepted	2Cr02.15	del	τῷ θεῷ	-	-2	0	2	2	946	678	7773
2025-02-18	MGB	accepted	2Cr02.16	del	οἷς μὲν ὀσμὴ	-	-3	0	3	3	949	681	7770
2025-02-18	MGB	accepted	2Cr02.16	del	καὶ πρὸς ταῦτα τίς ἱκανός	-	-5	0	5	5	954	686	7765
2025-02-18	MGB	accepted	Rom02.14	sub	τὰ μὴ νόμον ἔχοντα	οἱ μὴ νόμον ἔχοντες	0	0	2	2	956	688	7765
2025-02-18	MGB	accepted	Rom05.06	sub	εἰς τί	ἔτι	-1	0	2	2	958	690	7764
2025-02-18	MGB	accepted	1Th04.07	del	ἐν ὅλῃ	-	-2	0	2	2	960	692	7762
2025-02-18	MGB	accepted	Php01.16	sub	οἱ	πολλοὶ	0	0	1	1	961	693	7762
2025-02-18	MGB	accepted	Php01.17	sub	οἱ	ἕτεροι	0	0	1	1	962	694	7762
2025-02-18	MGB	accepted	Php01.23	sub	τὴν ἐπιθυμίαν ἔχων	ἔχω τὴν ἐπιθυμίαν	0	0	3	3	965	697	7762
2025-02-18	MGB	rejected	1Cr03.12	del	ξύλα	-	0	0	1	0	966	697	7762
2025-02-18	MGB	rejected	1Cr09.07	sub	στρατεύεται	στρατεύεται καὶ ἐκ τῶν κρεῶν οὐκ ἐσθίει	0	0	6	0	972	697	7762
2025-02-18	MGB	rejected	1Cr09.07	del	καὶ πίνει	-	0	0	2	0	974	697	7762
2025-02-18	MGB	rejected	1Cr10.04	sub	ἡ πέτρα δὲ	ἡ δὲ πέτρα	0	0	2	0	976	697	7762
2025-02-18	MGB	rejected	1Cr12.28	sub	καὶ ἀποστόλους	ἀποστόλους	0	0	2	0	978	697	7762
2025-02-18	MGB	rejected	1Cr14.06	sub	ἐν ἀποκαλύψει ἐν προφητείᾳ ἢ διδαχή	ἀποκαλύψει ἢ προφητείᾳ ἢ διδαχῇ	0	0	6	0	984	697	7762
2025-02-18	MGB	rejected	2Cr02.15	del	ἐν τοῖς σῳζομένοις καὶ ἐν τοῖς ἀπολλυμένοις	-	0	0	7	0	991	697	7762
2025-02-18	MGB	rejected	2Cr02.16	del	ἐκ θανάτου εἰς θάνατον οἷς δὲ ὀσμὴ ἐκ ζωῆς εἰς ζωήν	-	0	0	11	0	1002	697	7762
2025-02-18	MGB	rejected	2Cr03.02	del	ἡ ἐπιστολὴ ἡμῶν ὑμεῖς ἐστε ἐγγεγραμμένη ἐν ταῖς καρδίαις ἡμῶν γινωσκομένη καὶ ἀναγινωσκομένη ὑπὸ πάντων ἀνθρώπων	-	0	0	16	0	1018	697	7762
2025-02-18	MGB	rejected	2Cr03.03	sub	φανερούμενοι ὅτι ἐστὲ ἡ καινὴ διαθήκη Χριστοῦ καὶ ἐγγεγραμμένη οὐ μέλανι ἀλλὰ with ἡ καινὴ διαθήκη ἐγενήθη	ἡ καινὴ διαθήκη ἐγενήθη πνεύματι	0	0	17	0	1035	697	7762
2025-02-18	MGB	rejected	2Cr03.06	sub	καινῆς διαθήκης	καινὴ διαθήκη	0	0	2	0	1037	697	7762
2025-02-18	MGB	rejected	2Cr03.07	del	ἐν γράμματι ἐντετυπωμένη λίθοις	-	0	0	4	0	1041	697	7762
2025-02-18	MGB	rejected	2Cr03.14	del	ἐπὶ τῇ ἀναγνώσει τῆς παλαιᾶς διαθήκης μένει μὴ ἀνακαλυπτόμενον ἐν Χριστῷ καταργεῖται	-	0	0	12	0	1053	697	7762
2025-02-18	MGB	rejected	2Cr03.15	del	ἀλλ’ ἕως σήμερον ἡνίκα ἂν ἀναγινώσκηται Μωϋσῆς κάλυμμα	-	0	0	8	0	1061	697	7762
2025-02-18	MGB	rejected	2Cr03.18	del	τὸν Χριστὸν	-	0	0	2	0	1063	697	7762
2025-02-18	MGB	rejected	2Cr04.03	add	-	εἰ δὲ καὶ ἔστιν κεκαλυμμένον τὸ εὐαγγέλιον ἡμῶν ἐν τοῖς ἀπολλυμένοις ἐστὶν κεκαλυμμένον	0	0	13	0	1076	697	7762
2025-02-18	MGB	rejected	2Cr05.01	sub	οἰκοδομὴν ἐκ θεοῦ ἔχομεν οἰκίαν	οἰκίαν ἐκ θεοῦ ἔχομεν	0	0	2	0	1078	697	7762
2025-02-18	MGB	rejected	2Cr12.02	del	ἐν Χριστῷ	-	0	0	2	0	1080	697	7762
2025-02-18	MGB	rejected	2Cr12.09	sub	ἐμοῦ ἡ γὰρ δύναμις ἐν ἀσθενείᾳ τελεῖται	ἐμοῦ ἵνα ἡ δύναμις ἐν ἀσθενείᾳ δοκιμάσῃ	0	0	3	0	1083	697	7762
2025-02-18	MGB	rejected	Rom01.19	add	-	δοκεῖτε σεαυτὸν	0	0	2	0	1085	697	7762
2025-02-18	MGB	rejected	Rom02.27	sub	τελοῦσα	φυλάσσουσα	0	0	1	0	1086	697	7762
2025-02-18	MGB	rejected	Rom05.10	del	ἐχθροὶ ὄντες	-	0	0	2	0	1088	697	7762
2025-02-18	MGB	rejected	Rom14.21	sub	ἢ σκανδαλίζεται	σκανδαλίζεται	0	0	2	0	1090	697	7762
2025-02-18	MGB	rejected	1Th03.05	sub	καθάπερ καὶ	καθὼς καὶ	0	0	1	0	1091	697	7762
2025-02-18	MGB	rejected	Col01.15	sub	ὅς	ὁ Χριστὸς	0	0	2	0	1093	697	7762
2025-02-18	MGB	rejected	Lao02.16	sub	ἀποκαταλλάξῃ	καὶ ἀποκαταλλάξῃ	0	0	2	0	1095	697	7762
2025-02-18	MGB	rejected	Lao05.31	sub	τοῦ	τούτου	0	0	1	0	1096	697	7762
2025-02-18	MGB	rejected	Lao06.16	sub	Διὰ δεήσεως ἐν καιρῷ	Διὰ δεήσεως προσευχόμενοι ἐν καιρῷ	0	0	3	0	1099	697	7762
2025-02-18	MGB	rejected	Php01.12	add	-	Τινὲς	0	0	1	0	1100	697	7762
2025-02-18	MGB	rejected	Php03.05	add	-	ἐγὼ ἤμην	0	0	2	0	1102	697	7762
2025-02-20	MV	confirmed	1Cr13.08	del	Ἡ ἀγάπη οὐδέποτε πίπτει εἴτε δὲ προφητεῖαι καταργηθήσονται εἴτε γλῶσσαι παύσονται εἴτε γνῶσις καταργηθήσεται	-	-14	0	14	14	1116	711	7748
2025-02-20	MV	confirmed	1Cr13.09	del	ἐκ μέρους γὰρ γινώσκομεν καὶ ἐκ μέρους προφητεύομεν	-	-8	0	8	8	1124	719	7740
2025-02-20	MV	confirmed	1Cr13.10	del	ὅταν δὲ ἔλθῃ τὸ τέλειον τὸ ἐκ μέρους καταργηθήσεται	-	-9	0	9	9	1133	728	7731
2025-02-20	MV	confirmed	1Cr13.11	del	ὅτε ἤμην νήπιος ἐλάλουν ὡς νήπιος ἐφρόνουν ὡς νήπιος ἐλογιζόμην ὡς νήπιος ὅτε γέγονα ἀνήρ κατήργηκα τὰ τοῦ νηπίου	-	-19	0	19	19	1152	747	7712
2025-05-18	ALL	summation	emailed	ALL			-667	28	1152	747	1152	747	7712
2025-05-18	MV	unaccounted	not_emailed	NA			-1467	0	0	0	1152	747	6245
